{
  "variables": {
    "z_1": 1.0,
    "z_2": 1.0,
    "z_3": 1.0,
    "z_4": 1.0,
    "z_5": 1.0,
    "z_6": 1.0,
    "z_7": 1.0,
    "z_8": 1.0,
    "z_9": 1.0,
    "z_10": 1.0,
    "z_11": 1.0,
    "z_12": -0.0,
    "z_13": -0.0,
    "z_14": -0.0,
    "b_1_1": -0.0,
    "b_1_2": -0.0,
    "b_1_3": -0.0,
    "b_1_4": -0.0,
    "b_1_5": -0.0,
    "b_1_6": 1.0,
    "b_1_7": -0.0,
    "b_1_8": -0.0,
    "b_1_9": 0.0,
    "b_1_10": -0.0,
    "b_1_11": -0.0,
    "b_1_12": -0.0,
    "b_1_13": -0.0,
    "b_1_14": -0.0,
    "b_2_1": -0.0,
    "b_2_2": -0.0,
    "b_2_3": -0.0,
    "b_2_4": -0.0,
    "b_2_5": 0.0,
    "b_2_6": -0.0,
    "b_2_7": -0.0,
    "b_2_8": -0.0,
    "b_2_9": 1.0,
    "b_2_10": -0.0,
    "b_2_11": -0.0,
    "b_2_12": -0.0,
    "b_2_13": 0.0,
    "b_2_14": 0.0,
    "b_3_1": -0.0,
    "b_3_2": -0.0,
    "b_3_3": 1.0,
    "b_3_4": -0.0,
    "b_3_5": 0.0,
    "b_3_6": -0.0,
    "b_3_7": -0.0,
    "b_3_8": -0.0,
    "b_3_9": -0.0,
    "b_3_10": -0.0,
    "b_3_11": -0.0,
    "b_3_12": -0.0,
    "b_3_13": 0.0,
    "b_3_14": -0.0,
    "b_4_1": -0.0,
    "b_4_2": -0.0,
    "b_4_3": -0.0,
    "b_4_4": -0.0,
    "b_4_5": 1.0,
    "b_4_6": 0.0,
    "b_4_7": -0.0,
    "b_4_8": -0.0,
    "b_4_9": -0.0,
    "b_4_10": -0.0,
    "b_4_11": -0.0,
    "b_4_12": -0.0,
    "b_4_13": -0.0,
    "b_4_14": -0.0,
    "b_5_1": -0.0,
    "b_5_2": -0.0,
    "b_5_3": -0.0,
    "b_5_4": 1.0,
    "b_5_5": -0.0,
    "b_5_6": -0.0,
    "b_5_7": -0.0,
    "b_5_8": -0.0,
    "b_5_9": -0.0,
    "b_5_10": -0.0,
    "b_5_11": -0.0,
    "b_5_12": -0.0,
    "b_5_13": -0.0,
    "b_5_14": -0.0,
    "b_6_1": -0.0,
    "b_6_2": -0.0,
    "b_6_3": -0.0,
    "b_6_4": -0.0,
    "b_6_5": -0.0,
    "b_6_6": -0.0,
    "b_6_7": 1.0,
    "b_6_8": -0.0,
    "b_6_9": -0.0,
    "b_6_10": -0.0,
    "b_6_11": -0.0,
    "b_6_12": 0.0,
    "b_6_13": -0.0,
    "b_6_14": -0.0,
    "b_7_1": 0.0,
    "b_7_2": -0.0,
    "b_7_3": -0.0,
    "b_7_4": 1.0,
    "b_7_5": -0.0,
    "b_7_6": -0.0,
    "b_7_7": -0.0,
    "b_7_8": -0.0,
    "b_7_9": -0.0,
    "b_7_10": -0.0,
    "b_7_11": -0.0,
    "b_7_12": -0.0,
    "b_7_13": -0.0,
    "b_7_14": -0.0,
    "b_8_1": -0.0,
    "b_8_2": -0.0,
    "b_8_3": -0.0,
    "b_8_4": -0.0,
    "b_8_5": -0.0,
    "b_8_6": -0.0,
    "b_8_7": -0.0,
    "b_8_8": -0.0,
    "b_8_9": -0.0,
    "b_8_10": -0.0,
    "b_8_11": 1.0,
    "b_8_12": -0.0,
    "b_8_13": -0.0,
    "b_8_14": -0.0,
    "b_9_1": -0.0,
    "b_9_2": 1.0,
    "b_9_3": -0.0,
    "b_9_4": 0.0,
    "b_9_5": -0.0,
    "b_9_6": -0.0,
    "b_9_7": -0.0,
    "b_9_8": -0.0,
    "b_9_9": -0.0,
    "b_9_10": -0.0,
    "b_9_11": -0.0,
    "b_9_12": -0.0,
    "b_9_13": -0.0,
    "b_9_14": -0.0,
    "b_10_1": -0.0,
    "b_10_2": -0.0,
    "b_10_3": -0.0,
    "b_10_4": -0.0,
    "b_10_5": -0.0,
    "b_10_6": -0.0,
    "b_10_7": -0.0,
    "b_10_8": 1.0,
    "b_10_9": -0.0,
    "b_10_10": 0.0,
    "b_10_11": -0.0,
    "b_10_12": -0.0,
    "b_10_13": -0.0,
    "b_10_14": -0.0,
    "b_11_1": -0.0,
    "b_11_2": -0.0,
    "b_11_3": -0.0,
    "b_11_4": -0.0,
    "b_11_5": -0.0,
    "b_11_6": 0.0,
    "b_11_7": -0.0,
    "b_11_8": -0.0,
    "b_11_9": -0.0,
    "b_11_10": 1.0,
    "b_11_11": -0.0,
    "b_11_12": -0.0,
    "b_11_13": -0.0,
    "b_11_14": -0.0,
    "b_12_1": -0.0,
    "b_12_2": -0.0,
    "b_12_3": -0.0,
    "b_12_4": -0.0,
    "b_12_5": -0.0,
    "b_12_6": -0.0,
    "b_12_7": 1.0,
    "b_12_8": -0.0,
    "b_12_9": -0.0,
    "b_12_10": -0.0,
    "b_12_11": -0.0,
    "b_12_12": -0.0,
    "b_12_13": -0.0,
    "b_12_14": -0.0,
    "b_13_1": 1.0,
    "b_13_2": -0.0,
    "b_13_3": -0.0,
    "b_13_4": -0.0,
    "b_13_5": -0.0,
    "b_13_6": -0.0,
    "b_13_7": 0.0,
    "b_13_8": -0.0,
    "b_13_9": -0.0,
    "b_13_10": -0.0,
    "b_13_11": -0.0,
    "b_13_12": -0.0,
    "b_13_13": -0.0,
    "b_13_14": -0.0,
    "b_14_1": -0.0,
    "b_14_2": -0.0,
    "b_14_3": -0.0,
    "b_14_4": -0.0,
    "b_14_5": -0.0,
    "b_14_6": -0.0,
    "b_14_7": -0.0,
    "b_14_8": -0.0,
    "b_14_9": -0.0,
    "b_14_10": 1.0,
    "b_14_11": -0.0,
    "b_14_12": -0.0,
    "b_14_13": -0.0,
    "b_14_14": -0.0,
    "b_15_1": 1.0,
    "b_15_2": -0.0,
    "b_15_3": -0.0,
    "b_15_4": -0.0,
    "b_15_5": -0.0,
    "b_15_6": 0.0,
    "b_15_7": -0.0,
    "b_15_8": -0.0,
    "b_15_9": -0.0,
    "b_15_10": -0.0,
    "b_15_11": -0.0,
    "b_15_12": -0.0,
    "b_15_13": -0.0,
    "b_15_14": -0.0,
    "b_16_1": -0.0,
    "b_16_2": -0.0,
    "b_16_3": -0.0,
    "b_16_4": -0.0,
    "b_16_5": -0.0,
    "b_16_6": -0.0,
    "b_16_7": -0.0,
    "b_16_8": -0.0,
    "b_16_9": 1.0,
    "b_16_10": -0.0,
    "b_16_11": -0.0,
    "b_16_12": -0.0,
    "b_16_13": -0.0,
    "b_16_14": -0.0,
    "b_17_1": -0.0,
    "b_17_2": -0.0,
    "b_17_3": -0.0,
    "b_17_4": -0.0,
    "b_17_5": -0.0,
    "b_17_6": -0.0,
    "b_17_7": -0.0,
    "b_17_8": -0.0,
    "b_17_9": 0.0,
    "b_17_10": -0.0,
    "b_17_11": 1.0,
    "b_17_12": -0.0,
    "b_17_13": -0.0,
    "b_17_14": -0.0,
    "b_18_1": -0.0,
    "b_18_2": -0.0,
    "b_18_3": -0.0,
    "b_18_4": -0.0,
    "b_18_5": -0.0,
    "b_18_6": -0.0,
    "b_18_7": 0.0,
    "b_18_8": 1.0,
    "b_18_9": -0.0,
    "b_18_10": -0.0,
    "b_18_11": -0.0,
    "b_18_12": -0.0,
    "b_18_13": -0.0,
    "b_18_14": -0.0,
    "b_19_1": 0.0,
    "b_19_2": -0.0,
    "b_19_3": 1.0,
    "b_19_4": -0.0,
    "b_19_5": -0.0,
    "b_19_6": -0.0,
    "b_19_7": -0.0,
    "b_19_8": -0.0,
    "b_19_9": -0.0,
    "b_19_10": -0.0,
    "b_19_11": -0.0,
    "b_19_12": -0.0,
    "b_19_13": -0.0,
    "b_19_14": -0.0,
    "b_20_1": -0.0,
    "b_20_2": -0.0,
    "b_20_3": -0.0,
    "b_20_4": -0.0,
    "b_20_5": -0.0,
    "b_20_6": -0.0,
    "b_20_7": -0.0,
    "b_20_8": -0.0,
    "b_20_9": -0.0,
    "b_20_10": -0.0,
    "b_20_11": 1.0,
    "b_20_12": 0.0,
    "b_20_13": 0.0,
    "b_20_14": 0.0,
    "b_21_1": -0.0,
    "b_21_2": -0.0,
    "b_21_3": -0.0,
    "b_21_4": 0.0,
    "b_21_5": -0.0,
    "b_21_6": -0.0,
    "b_21_7": -0.0,
    "b_21_8": -0.0,
    "b_21_9": -0.0,
    "b_21_10": -0.0,
    "b_21_11": 1.0,
    "b_21_12": -0.0,
    "b_21_13": -0.0,
    "b_21_14": -0.0,
    "b_22_1": -0.0,
    "b_22_2": -0.0,
    "b_22_3": -0.0,
    "b_22_4": -0.0,
    "b_22_5": -0.0,
    "b_22_6": -0.0,
    "b_22_7": 1.0,
    "b_22_8": -0.0,
    "b_22_9": -0.0,
    "b_22_10": -0.0,
    "b_22_11": 0.0,
    "b_22_12": -0.0,
    "b_22_13": -0.0,
    "b_22_14": -0.0,
    "b_23_1": -0.0,
    "b_23_2": -0.0,
    "b_23_3": 0.0,
    "b_23_4": -0.0,
    "b_23_5": -0.0,
    "b_23_6": -0.0,
    "b_23_7": -0.0,
    "b_23_8": -0.0,
    "b_23_9": 1.0,
    "b_23_10": -0.0,
    "b_23_11": -0.0,
    "b_23_12": -0.0,
    "b_23_13": -0.0,
    "b_23_14": -0.0,
    "b_24_1": -0.0,
    "b_24_2": -0.0,
    "b_24_3": 0.0,
    "b_24_4": -0.0,
    "b_24_5": -0.0,
    "b_24_6": 1.0,
    "b_24_7": -0.0,
    "b_24_8": -0.0,
    "b_24_9": -0.0,
    "b_24_10": -0.0,
    "b_24_11": -0.0,
    "b_24_12": -0.0,
    "b_24_13": -0.0,
    "b_24_14": -0.0,
    "b_25_1": -0.0,
    "b_25_2": -0.0,
    "b_25_3": -0.0,
    "b_25_4": -0.0,
    "b_25_5": -0.0,
    "b_25_6": -0.0,
    "b_25_7": -0.0,
    "b_25_8": -0.0,
    "b_25_9": -0.0,
    "b_25_10": 1.0,
    "b_25_11": -0.0,
    "b_25_12": 0.0,
    "b_25_13": -0.0,
    "b_25_14": -0.0,
    "b_26_1": -0.0,
    "b_26_2": -0.0,
    "b_26_3": -0.0,
    "b_26_4": -0.0,
    "b_26_5": 1.0,
    "b_26_6": 0.0,
    "b_26_7": -0.0,
    "b_26_8": -0.0,
    "b_26_9": -0.0,
    "b_26_10": -0.0,
    "b_26_11": -0.0,
    "b_26_12": -0.0,
    "b_26_13": -0.0,
    "b_26_14": -0.0,
    "b_27_1": -0.0,
    "b_27_2": -0.0,
    "b_27_3": 1.0,
    "b_27_4": -0.0,
    "b_27_5": -0.0,
    "b_27_6": -0.0,
    "b_27_7": -0.0,
    "b_27_8": -0.0,
    "b_27_9": -0.0,
    "b_27_10": -0.0,
    "b_27_11": 0.0,
    "b_27_12": -0.0,
    "b_27_13": -0.0,
    "b_27_14": -0.0,
    "b_28_1": -0.0,
    "b_28_2": -0.0,
    "b_28_3": -0.0,
    "b_28_4": -0.0,
    "b_28_5": -0.0,
    "b_28_6": 1.0,
    "b_28_7": -0.0,
    "b_28_8": -0.0,
    "b_28_9": -0.0,
    "b_28_10": -0.0,
    "b_28_11": -0.0,
    "b_28_12": -0.0,
    "b_28_13": -0.0,
    "b_28_14": -0.0,
    "b_29_1": -0.0,
    "b_29_2": -0.0,
    "b_29_3": -0.0,
    "b_29_4": -0.0,
    "b_29_5": 0.0,
    "b_29_6": -0.0,
    "b_29_7": -0.0,
    "b_29_8": -0.0,
    "b_29_9": -0.0,
    "b_29_10": 1.0,
    "b_29_11": -0.0,
    "b_29_12": -0.0,
    "b_29_13": -0.0,
    "b_29_14": -0.0,
    "b_30_1": -0.0,
    "b_30_2": -0.0,
    "b_30_3": -0.0,
    "b_30_4": -0.0,
    "b_30_5": -0.0,
    "b_30_6": -0.0,
    "b_30_7": -0.0,
    "b_30_8": 1.0,
    "b_30_9": -0.0,
    "b_30_10": -0.0,
    "b_30_11": -0.0,
    "b_30_12": -0.0,
    "b_30_13": -0.0,
    "b_30_14": -0.0,
    "b_31_1": 1.0,
    "b_31_2": -0.0,
    "b_31_3": -0.0,
    "b_31_4": -0.0,
    "b_31_5": -0.0,
    "b_31_6": -0.0,
    "b_31_7": -0.0,
    "b_31_8": -0.0,
    "b_31_9": -0.0,
    "b_31_10": -0.0,
    "b_31_11": -0.0,
    "b_31_12": -0.0,
    "b_31_13": -0.0,
    "b_31_14": -0.0,
    "b_32_1": -0.0,
    "b_32_2": -0.0,
    "b_32_3": 1.0,
    "b_32_4": -0.0,
    "b_32_5": -0.0,
    "b_32_6": -0.0,
    "b_32_7": -0.0,
    "b_32_8": -0.0,
    "b_32_9": -0.0,
    "b_32_10": -0.0,
    "b_32_11": -0.0,
    "b_32_12": -0.0,
    "b_32_13": -0.0,
    "b_32_14": -0.0,
    "b_33_1": -0.0,
    "b_33_2": -0.0,
    "b_33_3": -0.0,
    "b_33_4": 1.0,
    "b_33_5": -0.0,
    "b_33_6": 0.0,
    "b_33_7": -0.0,
    "b_33_8": -0.0,
    "b_33_9": -0.0,
    "b_33_10": -0.0,
    "b_33_11": -0.0,
    "b_33_12": -0.0,
    "b_33_13": -0.0,
    "b_33_14": -0.0,
    "b_34_1": 1.0,
    "b_34_2": -0.0,
    "b_34_3": -0.0,
    "b_34_4": -0.0,
    "b_34_5": -0.0,
    "b_34_6": -0.0,
    "b_34_7": 0.0,
    "b_34_8": -0.0,
    "b_34_9": -0.0,
    "b_34_10": -0.0,
    "b_34_11": -0.0,
    "b_34_12": -0.0,
    "b_34_13": -0.0,
    "b_34_14": -0.0,
    "b_35_1": -0.0,
    "b_35_2": 1.0,
    "b_35_3": -0.0,
    "b_35_4": -0.0,
    "b_35_5": -0.0,
    "b_35_6": -0.0,
    "b_35_7": -0.0,
    "b_35_8": -0.0,
    "b_35_9": -0.0,
    "b_35_10": -0.0,
    "b_35_11": -0.0,
    "b_35_12": -0.0,
    "b_35_13": 0.0,
    "b_35_14": -0.0,
    "b_36_1": -0.0,
    "b_36_2": 1.0,
    "b_36_3": -0.0,
    "b_36_4": -0.0,
    "b_36_5": 0.0,
    "b_36_6": -0.0,
    "b_36_7": -0.0,
    "b_36_8": -0.0,
    "b_36_9": -0.0,
    "b_36_10": -0.0,
    "b_36_11": -0.0,
    "b_36_12": -0.0,
    "b_36_13": -0.0,
    "b_36_14": -0.0,
    "b_37_1": -0.0,
    "b_37_2": -0.0,
    "b_37_3": 1.0,
    "b_37_4": -0.0,
    "b_37_5": -0.0,
    "b_37_6": -0.0,
    "b_37_7": 0.0,
    "b_37_8": -0.0,
    "b_37_9": -0.0,
    "b_37_10": -0.0,
    "b_37_11": -0.0,
    "b_37_12": -0.0,
    "b_37_13": -0.0,
    "b_37_14": -0.0,
    "b_38_1": -0.0,
    "b_38_2": -0.0,
    "b_38_3": 1.0,
    "b_38_4": 0.0,
    "b_38_5": -0.0,
    "b_38_6": -0.0,
    "b_38_7": -0.0,
    "b_38_8": -0.0,
    "b_38_9": -0.0,
    "b_38_10": -0.0,
    "b_38_11": -0.0,
    "b_38_12": -0.0,
    "b_38_13": -0.0,
    "b_38_14": -0.0,
    "b_39_1": -0.0,
    "b_39_2": -0.0,
    "b_39_3": -0.0,
    "b_39_4": 1.0,
    "b_39_5": -0.0,
    "b_39_6": -0.0,
    "b_39_7": -0.0,
    "b_39_8": -0.0,
    "b_39_9": 0.0,
    "b_39_10": -0.0,
    "b_39_11": -0.0,
    "b_39_12": -0.0,
    "b_39_13": -0.0,
    "b_39_14": -0.0,
    "b_40_1": -0.0,
    "b_40_2": -0.0,
    "b_40_3": -0.0,
    "b_40_4": -0.0,
    "b_40_5": -0.0,
    "b_40_6": 0.0,
    "b_40_7": -0.0,
    "b_40_8": 1.0,
    "b_40_9": -0.0,
    "b_40_10": -0.0,
    "b_40_11": -0.0,
    "b_40_12": -0.0,
    "b_40_13": -0.0,
    "b_40_14": -0.0,
    "b_41_1": 1.0,
    "b_41_2": -0.0,
    "b_41_3": -0.0,
    "b_41_4": -0.0,
    "b_41_5": -0.0,
    "b_41_6": -0.0,
    "b_41_7": -0.0,
    "b_41_8": -0.0,
    "b_41_9": -0.0,
    "b_41_10": -0.0,
    "b_41_11": -0.0,
    "b_41_12": -0.0,
    "b_41_13": -0.0,
    "b_41_14": -0.0,
    "b_42_1": -0.0,
    "b_42_2": -0.0,
    "b_42_3": -0.0,
    "b_42_4": -0.0,
    "b_42_5": -0.0,
    "b_42_6": -0.0,
    "b_42_7": -0.0,
    "b_42_8": 0.0,
    "b_42_9": 1.0,
    "b_42_10": -0.0,
    "b_42_11": -0.0,
    "b_42_12": -0.0,
    "b_42_13": -0.0,
    "b_42_14": -0.0,
    "b_43_1": -0.0,
    "b_43_2": -0.0,
    "b_43_3": -0.0,
    "b_43_4": -0.0,
    "b_43_5": 1.0,
    "b_43_6": -0.0,
    "b_43_7": -0.0,
    "b_43_8": -0.0,
    "b_43_9": 0.0,
    "b_43_10": -0.0,
    "b_43_11": -0.0,
    "b_43_12": -0.0,
    "b_43_13": -0.0,
    "b_43_14": -0.0,
    "b_44_1": 1.0,
    "b_44_2": -0.0,
    "b_44_3": 0.0,
    "b_44_4": -0.0,
    "b_44_5": -0.0,
    "b_44_6": -0.0,
    "b_44_7": -0.0,
    "b_44_8": -0.0,
    "b_44_9": -0.0,
    "b_44_10": -0.0,
    "b_44_11": -0.0,
    "b_44_12": -0.0,
    "b_44_13": -0.0,
    "b_44_14": -0.0,
    "b_45_1": -0.0,
    "b_45_2": -0.0,
    "b_45_3": -0.0,
    "b_45_4": -0.0,
    "b_45_5": -0.0,
    "b_45_6": -0.0,
    "b_45_7": 1.0,
    "b_45_8": 0.0,
    "b_45_9": -0.0,
    "b_45_10": -0.0,
    "b_45_11": -0.0,
    "b_45_12": -0.0,
    "b_45_13": -0.0,
    "b_45_14": -0.0,
    "b_46_1": -0.0,
    "b_46_2": -0.0,
    "b_46_3": -0.0,
    "b_46_4": 1.0,
    "b_46_5": -0.0,
    "b_46_6": 0.0,
    "b_46_7": -0.0,
    "b_46_8": -0.0,
    "b_46_9": -0.0,
    "b_46_10": -0.0,
    "b_46_11": -0.0,
    "b_46_12": -0.0,
    "b_46_13": -0.0,
    "b_46_14": -0.0,
    "b_47_1": -0.0,
    "b_47_2": -0.0,
    "b_47_3": -0.0,
    "b_47_4": -0.0,
    "b_47_5": -0.0,
    "b_47_6": 1.0,
    "b_47_7": -0.0,
    "b_47_8": -0.0,
    "b_47_9": 0.0,
    "b_47_10": -0.0,
    "b_47_11": -0.0,
    "b_47_12": -0.0,
    "b_47_13": -0.0,
    "b_47_14": -0.0,
    "b_48_1": 1.0,
    "b_48_2": -0.0,
    "b_48_3": -0.0,
    "b_48_4": -0.0,
    "b_48_5": 0.0,
    "b_48_6": -0.0,
    "b_48_7": -0.0,
    "b_48_8": -0.0,
    "b_48_9": -0.0,
    "b_48_10": -0.0,
    "b_48_11": -0.0,
    "b_48_12": -0.0,
    "b_48_13": -0.0,
    "b_48_14": -0.0,
    "b_49_1": -0.0,
    "b_49_2": -0.0,
    "b_49_3": -0.0,
    "b_49_4": -0.0,
    "b_49_5": 0.0,
    "b_49_6": 1.0,
    "b_49_7": -0.0,
    "b_49_8": -0.0,
    "b_49_9": -0.0,
    "b_49_10": -0.0,
    "b_49_11": -0.0,
    "b_49_12": -0.0,
    "b_49_13": -0.0,
    "b_49_14": -0.0,
    "b_50_1": -0.0,
    "b_50_2": -0.0,
    "b_50_3": -0.0,
    "b_50_4": 0.0,
    "b_50_5": -0.0,
    "b_50_6": 1.0,
    "b_50_7": -0.0,
    "b_50_8": -0.0,
    "b_50_9": -0.0,
    "b_50_10": -0.0,
    "b_50_11": -0.0,
    "b_50_12": -0.0,
    "b_50_13": -0.0,
    "b_50_14": -0.0,
    "b_51_1": 0.0,
    "b_51_2": -0.0,
    "b_51_3": -0.0,
    "b_51_4": -0.0,
    "b_51_5": 1.0,
    "b_51_6": -0.0,
    "b_51_7": -0.0,
    "b_51_8": -0.0,
    "b_51_9": -0.0,
    "b_51_10": -0.0,
    "b_51_11": -0.0,
    "b_51_12": -0.0,
    "b_51_13": -0.0,
    "b_51_14": -0.0,
    "b_52_1": -0.0,
    "b_52_2": 1.0,
    "b_52_3": -0.0,
    "b_52_4": -0.0,
    "b_52_5": -0.0,
    "b_52_6": -0.0,
    "b_52_7": -0.0,
    "b_52_8": -0.0,
    "b_52_9": -0.0,
    "b_52_10": -0.0,
    "b_52_11": -0.0,
    "b_52_12": -0.0,
    "b_52_13": -0.0,
    "b_52_14": -0.0,
    "b_53_1": -0.0,
    "b_53_2": 1.0,
    "b_53_3": -0.0,
    "b_53_4": -0.0,
    "b_53_5": -0.0,
    "b_53_6": -0.0,
    "b_53_7": -0.0,
    "b_53_8": -0.0,
    "b_53_9": 0.0,
    "b_53_10": -0.0,
    "b_53_11": -0.0,
    "b_53_12": -0.0,
    "b_53_13": -0.0,
    "b_53_14": -0.0,
    "b_54_1": -0.0,
    "b_54_2": -0.0,
    "b_54_3": 0.0,
    "b_54_4": -0.0,
    "b_54_5": -0.0,
    "b_54_6": -0.0,
    "b_54_7": -0.0,
    "b_54_8": -0.0,
    "b_54_9": 1.0,
    "b_54_10": -0.0,
    "b_54_11": -0.0,
    "b_54_12": -0.0,
    "b_54_13": -0.0,
    "b_54_14": -0.0,
    "b_55_1": -0.0,
    "b_55_2": -0.0,
    "b_55_3": -0.0,
    "b_55_4": -0.0,
    "b_55_5": 0.0,
    "b_55_6": 1.0,
    "b_55_7": -0.0,
    "b_55_8": -0.0,
    "b_55_9": -0.0,
    "b_55_10": -0.0,
    "b_55_11": -0.0,
    "b_55_12": -0.0,
    "b_55_13": -0.0,
    "b_55_14": -0.0,
    "b_56_1": -0.0,
    "b_56_2": -0.0,
    "b_56_3": -0.0,
    "b_56_4": -0.0,
    "b_56_5": -0.0,
    "b_56_6": -0.0,
    "b_56_7": -0.0,
    "b_56_8": -0.0,
    "b_56_9": 0.0,
    "b_56_10": -0.0,
    "b_56_11": 1.0,
    "b_56_12": -0.0,
    "b_56_13": -0.0,
    "b_56_14": -0.0,
    "b_57_1": -0.0,
    "b_57_2": -0.0,
    "b_57_3": -0.0,
    "b_57_4": -0.0,
    "b_57_5": 1.0,
    "b_57_6": -0.0,
    "b_57_7": -0.0,
    "b_57_8": -0.0,
    "b_57_9": 0.0,
    "b_57_10": -0.0,
    "b_57_11": -0.0,
    "b_57_12": -0.0,
    "b_57_13": -0.0,
    "b_57_14": -0.0,
    "b_58_1": 0.0,
    "b_58_2": -0.0,
    "b_58_3": -0.0,
    "b_58_4": -0.0,
    "b_58_5": -0.0,
    "b_58_6": -0.0,
    "b_58_7": -0.0,
    "b_58_8": -0.0,
    "b_58_9": -0.0,
    "b_58_10": 1.0,
    "b_58_11": -0.0,
    "b_58_12": -0.0,
    "b_58_13": -0.0,
    "b_58_14": -0.0,
    "b_59_1": -0.0,
    "b_59_2": -0.0,
    "b_59_3": -0.0,
    "b_59_4": -0.0,
    "b_59_5": -0.0,
    "b_59_6": -0.0,
    "b_59_7": -0.0,
    "b_59_8": -0.0,
    "b_59_9": -0.0,
    "b_59_10": 1.0,
    "b_59_11": -0.0,
    "b_59_12": -0.0,
    "b_59_13": -0.0,
    "b_59_14": -0.0,
    "b_60_1": -0.0,
    "b_60_2": -0.0,
    "b_60_3": 1.0,
    "b_60_4": 0.0,
    "b_60_5": -0.0,
    "b_60_6": -0.0,
    "b_60_7": -0.0,
    "b_60_8": -0.0,
    "b_60_9": -0.0,
    "b_60_10": -0.0,
    "b_60_11": -0.0,
    "b_60_12": -0.0,
    "b_60_13": -0.0,
    "b_60_14": -0.0
  },
  "objective": 66.0,
  "is_optimal": false,
  "inf_or_unb": false,
  "feasible_found": true,
  "node_count": 10009.0,
  "total_time": 1803.108323097229,
  "dual_bound": 66.0,
  "gap": 0.0,
  "cb_total_time": 1785.7171454429626,
  "opt_time": 1803.108549118042,
  "real_time": 1804.425127029419
}