{
  "variables": {
    "z_1": 1.0,
    "z_2": 1.0,
    "z_3": 0.0,
    "b_1_1": -0.0,
    "b_1_2": 1.0,
    "b_1_3": 0.0,
    "b_2_1": -0.0,
    "b_2_2": 1.0,
    "b_2_3": 0.0,
    "b_3_1": 1.0,
    "b_3_2": 0.0,
    "b_3_3": 0.0,
    "b_4_1": -0.0,
    "b_4_2": 1.0,
    "b_4_3": 0.0,
    "b_5_1": -0.0,
    "b_5_2": 1.0,
    "b_5_3": 0.0,
    "b_6_1": -0.0,
    "b_6_2": 1.0,
    "b_6_3": 0.0,
    "b_7_1": -0.0,
    "b_7_2": 1.0,
    "b_7_3": 0.0,
    "b_8_1": -0.0,
    "b_8_2": 1.0,
    "b_8_3": 0.0,
    "b_9_1": 1.0,
    "b_9_2": 0.0,
    "b_9_3": 0.0,
    "b_10_1": 1.0,
    "b_10_2": 0.0,
    "b_10_3": 0.0,
    "b_11_1": 1.0,
    "b_11_2": 0.0,
    "b_11_3": 0.0,
    "b_12_1": 0.0,
    "b_12_2": 1.0,
    "b_12_3": 0.0,
    "b_13_1": 1.0,
    "b_13_2": 0.0,
    "b_13_3": 0.0,
    "b_14_1": 1.0,
    "b_14_2": 0.0,
    "b_14_3": 0.0,
    "b_15_1": 0.0,
    "b_15_2": 1.0,
    "b_15_3": 0.0,
    "b_16_1": -0.0,
    "b_16_2": 1.0,
    "b_16_3": 0.0,
    "b_17_1": 0.0,
    "b_17_2": 1.0,
    "b_17_3": 0.0,
    "b_18_1": 1.0,
    "b_18_2": 0.0,
    "b_18_3": 0.0,
    "b_19_1": 0.0,
    "b_19_2": 1.0,
    "b_19_3": 0.0,
    "b_20_1": -0.0,
    "b_20_2": 1.0,
    "b_20_3": 0.0,
    "b_21_1": 0.0,
    "b_21_2": 1.0,
    "b_21_3": 0.0,
    "b_22_1": 1.0,
    "b_22_2": 0.0,
    "b_22_3": 0.0,
    "b_23_1": 0.0,
    "b_23_2": 1.0,
    "b_23_3": 0.0,
    "b_24_1": -0.0,
    "b_24_2": 1.0,
    "b_24_3": 0.0,
    "b_25_1": -0.0,
    "b_25_2": 1.0,
    "b_25_3": 0.0,
    "b_26_1": 0.0,
    "b_26_2": 1.0,
    "b_26_3": 0.0,
    "b_27_1": -0.0,
    "b_27_2": 1.0,
    "b_27_3": 0.0,
    "b_28_1": 1.0,
    "b_28_2": 0.0,
    "b_28_3": 0.0,
    "b_29_1": 1.0,
    "b_29_2": 0.0,
    "b_29_3": 0.0,
    "b_30_1": -0.0,
    "b_30_2": 1.0,
    "b_30_3": 0.0,
    "b_31_1": -0.0,
    "b_31_2": 1.0,
    "b_31_3": 0.0,
    "b_32_1": 1.0,
    "b_32_2": 0.0,
    "b_32_3": 0.0,
    "b_33_1": 1.0,
    "b_33_2": 0.0,
    "b_33_3": 0.0,
    "b_34_1": 1.0,
    "b_34_2": 0.0,
    "b_34_3": 0.0,
    "b_35_1": 1.0,
    "b_35_2": 0.0,
    "b_35_3": 0.0,
    "b_36_1": -0.0,
    "b_36_2": 1.0,
    "b_36_3": 0.0,
    "b_37_1": -0.0,
    "b_37_2": 1.0,
    "b_37_3": 0.0,
    "b_38_1": -0.0,
    "b_38_2": 1.0,
    "b_38_3": 0.0,
    "b_39_1": 0.0,
    "b_39_2": 1.0,
    "b_39_3": 0.0,
    "b_40_1": 1.0,
    "b_40_2": 0.0,
    "b_40_3": 0.0,
    "b_41_1": 1.0,
    "b_41_2": 0.0,
    "b_41_3": 0.0,
    "b_42_1": 1.0,
    "b_42_2": 0.0,
    "b_42_3": 0.0,
    "b_43_1": -0.0,
    "b_43_2": 1.0,
    "b_43_3": 0.0,
    "b_44_1": 1.0,
    "b_44_2": 0.0,
    "b_44_3": 0.0,
    "b_45_1": 1.0,
    "b_45_2": 0.0,
    "b_45_3": 0.0,
    "b_46_1": 1.0,
    "b_46_2": 0.0,
    "b_46_3": 0.0,
    "b_47_1": -0.0,
    "b_47_2": 1.0,
    "b_47_3": 0.0,
    "b_48_1": 1.0,
    "b_48_2": 0.0,
    "b_48_3": 0.0,
    "b_49_1": -0.0,
    "b_49_2": 1.0,
    "b_49_3": 0.0,
    "b_50_1": -0.0,
    "b_50_2": 1.0,
    "b_50_3": 0.0,
    "b_51_1": -0.0,
    "b_51_2": 1.0,
    "b_51_3": 0.0,
    "b_52_1": 1.0,
    "b_52_2": 0.0,
    "b_52_3": 0.0,
    "b_53_1": 0.0,
    "b_53_2": 1.0,
    "b_53_3": 0.0,
    "b_54_1": 1.0,
    "b_54_2": 0.0,
    "b_54_3": 0.0,
    "b_55_1": -0.0,
    "b_55_2": 1.0,
    "b_55_3": 0.0,
    "b_56_1": 0.0,
    "b_56_2": 1.0,
    "b_56_3": 0.0,
    "b_57_1": 1.0,
    "b_57_2": 0.0,
    "b_57_3": 0.0,
    "b_58_1": 1.0,
    "b_58_2": 0.0,
    "b_58_3": 0.0,
    "b_59_1": 1.0,
    "b_59_2": 0.0,
    "b_59_3": 0.0,
    "b_60_1": 0.0,
    "b_60_2": 1.0,
    "b_60_3": 0.0
  },
  "objective": 3.0,
  "is_optimal": true,
  "inf_or_unb": false,
  "feasible_found": true,
  "node_count": 1.0,
  "total_time": 197.2508029937744,
  "dual_bound": 3.0,
  "gap": 0.0,
  "cb_total_time": 197.2465476989746,
  "opt_time": 197.2509548664093,
  "real_time": 197.42409563064575
}